{
    "providers": [
        {
            "type": "bitmap",
            "file": "minecraft:icons/mod.png",
            "ascent": 9,
            "height": 9,
            "chars": ["🛠"]
        },
		{
            "type": "bitmap",
            "file": "minecraft:Prefixes/Owner.png",
            "ascent": 7,
            "height": 9,
            "chars": ["\u31C0"]
       },
	   {
            "type": "bitmap",
            "file": "minecraft:Prefixes/admin.png",
            "ascent": 7,
            "height": 9,
            "chars": ["\u0591"]
       },
       {
            "type": "bitmap",
            "file": "minecraft:icons/leather.png",
            "ascent": 9,
            "height": 9,
            "chars": ["\u19DE"]
       }
    ]
}